,6120495610,6120495920,6120495930,6120496480,6120496700,6120496990,6120497570,6120498830,6120498980,6120500310,6120500430,6120501590,6120501870,6120502430,6120502520,6120505910,6120508230,6120508880,6120509040,6120509300,6120509440,6120509550,6120510580,6120511390,6120511400,6120511580,6120511930,6120512020,6120512630,6120513850,6120513920,6120515890,6120517560,6120517570,6120517890,6120518290,6120519540,6120519550,6120519630,6120519710,6120520530,6120520930,6120521250,6120522690,6120523540,6120523640,6120524850,6120526470,6120526600,6120528990,6120531120,6120535820,6120538300,6121157490,6121158040,6121159720,6121159770,6121162000,6121163070,6121163350,6121164310,6121166340,6121170610,6121171030,6121171380,6121172160,6121172900,6121173250
6120495610,,12.495259647156905,57.547893659351615,26.85085256676818,6.555475411336494,4.19012703097445,1.1440898578736802,2.6134198639593884,2.611557441847302,2.138585048356769,6.180890610877257,0.06496522012721277,0.06441093713190334,1.340842420453968,1.3325194249522843,1.63951197366764,4.343258133313164,0.2821548255786582,0.44198197531901756,2.320652552675503,2.443561195151342,10.505937934825232,3.389150636291693,9.629201342224123,4.988051167265173,9.519703345965297,4.840931685315636,4.821172261573085,3.854043333613435,3.8584760164727117,3.843614332111499,7.6454704332099945,1.9533971883011143,2.594018017986553,0.6021710275222723,8.970244541482923,1.2100695266925128,1.4628414913650734,6.970772228045136,6.952959287390154,6.8255380026082735,9.93916636544682,10.325785906858847,4.821757799363917,4.5140095150255615,4.503612229323077,3.6496641446414584,0.9550902004692898,0.9533110533589785,2.6513659011725057,5.786346290209907,7.394013259039133,7.282594339933925,15.73861547813678,11.190723039177131,3.163884872593359,5.529975532014916,3.1289462303067315,3.6306312200519644,1.9326052358744632,3.0378228255833144,4.83676487828297,7.369444840808497,6.471233773248066,2.500008149854809,3.2560279644592334,4.7989350633384635,5.82852347286553
6120495920,12.495259647156905,,2.879505880964254,4.638061351768021,4.156817142578895,3.2560020397375724,10.192995819396172,11.682159145167432,11.663266413974496,7.32692205672736,14.732495347717725,9.635781227610007,9.390651025639183,7.176194535129794,7.105808910212276,5.217698179309607,1.276018703409016,4.266095259740796,3.8510121101024817,1.8770249953317608,1.8278229143951188,18.263736150892516,1.4722098375186163,15.511446205543532,0.21823313434546068,15.223058158223916,0.4104387303965735,0.40920022041587795,8.473209905235787,8.027708866284678,8.01345064495605,11.482083114035827,1.3001157005540669,0.6684129267352695,3.8035064901816775,12.458062064260462,3.8176375129161944,3.9686696219683935,10.25125271482173,10.210976708285447,9.832824394780284,13.289126989598918,13.793367256064025,7.844916389659713,7.374708541795588,7.359920417935627,6.335125395243055,3.338261740022033,3.3334620481853374,4.8421216369469455,8.092454509298095,9.15360694299536,8.949946260795572,2.0570374111713057,5.4121136152068825,3.8671530810440258,12.64759515427025,10.904361815618058,0.6792101814489949,1.7283157802668514,1.3821756457501098,8.21628724101922,9.919392846128105,8.920621695267172,4.671353846486271,5.318605971568632,6.756220545142675,7.68974539300791
6120495930,57.547893659351615,2.879505880964254,,0.2756477023617894,3.4445977629858473,3.117281293786244,7.794452298813254,9.027171894242692,9.02046146302784,6.423760439009778,11.816009772285877,7.725499470374822,7.646519400385893,6.272740155601853,6.228506716653084,5.773798437495962,2.259425380212971,5.939672360663144,5.421865429847112,3.0138404104924956,2.9575131681298186,16.75404506353796,2.519913474691295,15.800834272591926,0.6125732292497785,15.588831831927,0.40440462587444914,0.4027693396110881,9.288892647199551,8.912043463389121,8.880742574279104,12.29257681885436,1.969810192203742,1.2979692117209358,4.578220543840445,13.161522278033651,4.640226909244472,4.810013256945784,10.861142438709939,10.82909392829406,10.534804807746593,13.696451399663749,14.05469521569099,8.163164778440562,7.752482179914706,7.7347460540368695,6.713890809504734,3.7974161341276806,3.7906005443664563,5.308112861137926,8.325001193661453,9.610237175967798,9.360171425597956,3.1198383575007966,0.7973686118076694,3.6741721540479055,10.496211676927151,10.092622013404194,1.5622679683907885,2.718658466608566,2.26065475570793,9.098770836389715,10.230531062273466,9.214648879171332,5.092979165179173,5.723464578561067,7.161470757115316,8.125024983394875
6120496480,26.85085256676818,4.638061351768021,0.2756477023617894,,4.48549736244934,3.7339759439170535,8.986006997317102,10.324183382042852,10.316124029687886,7.0249791059417435,13.189242340519263,9.145275073782761,9.025260258642591,7.4177806785657125,7.356022424378443,6.487974733507931,2.476945909644948,5.841201678736801,5.2949046758041565,2.9247920422214944,2.8802505901219244,18.343567932226353,2.5665139997128823,16.81699931386753,0.6536483985433618,16.5473494049083,0.45578095269080593,0.4540112819236085,9.719544870728358,9.236849352956765,9.209260989335418,12.691695186542983,2.000990667919137,1.320166263372543,4.654393985659297,13.546794584725587,4.624339168555659,4.779004898999188,11.173330853980664,11.135054283911268,10.774390004061855,14.128105729964636,14.539786859030793,8.44294482852995,7.9887851178303295,7.970828536718727,6.907293471513131,3.8765819513779354,3.870000306557948,5.393504536599541,8.534800933275625,9.715359297473702,9.461537676148694,5.800973257740552,1.2351588618077725,4.34314575654307,11.571240384722799,11.363487060356345,1.5258101475814594,2.6294312746531863,2.3415220769045964,9.307336906484238,10.486860254114095,9.44365482750465,5.186038593234002,5.820288108113376,7.268906635686647,8.227237491736622
6120496700,6.555475411336494,4.156817142578895,3.4445977629858473,4.48549736244934,,2.3547931423736075,13.733094313087753,15.436934104114172,15.39414243747576,8.107334811682504,18.322622607005204,11.58486565873293,10.999015435456913,7.363659771536607,7.279653994668733,4.073014631747669,0.1442459420738607,3.1066917967917855,2.776745178610265,1.0640375793674484,1.010272455505674,19.298409679512194,0.5823645387812725,14.919293035538484,0.9965764802862093,14.597351076708245,1.2785423393417432,1.2758693289239447,7.623937544013778,7.1923241590079074,7.188879848780382,10.762357191728965,0.6920133183970549,0.090708965672776,3.1298994221895358,11.866812799373507,3.1767138989231367,3.325517208724593,9.724701137308617,9.67999514962175,9.259755178663958,12.95150063483316,13.571290246269923,7.5270817633657305,7.016873246958494,7.004396885657549,5.974240379216167,2.9064975046898414,2.9030829574121215,4.4361847252983475,7.889515382557063,8.823450216552454,8.653890930966666,3.637780125058956,11.77544573901776,3.392721669881018,15.03366206433486,11.011242494001113,0.0028678298066393947,1.0126015366019006,0.5572869242822592,7.473229642781796,9.668302502265444,8.674575584781914,4.293918049631753,4.966882648492491,6.426743818716134,7.354345829918071
6120496990,4.19012703097445,3.2560020397375724,3.117281293786244,3.7339759439170535,2.3547931423736075,,29.79886580928267,27.52995837853543,27.295171849114567,9.9690839646182,26.063108544827102,11.971460108359787,11.129983780184244,6.355772870253957,6.317987377037047,2.9930110969882637,0.46144622413176273,2.368694087855566,2.108982876675584,0.6281448865764454,0.5738687357269354,19.260332585340542,0.11733034024641255,13.712338227906862,1.316479730287221,13.4099927408544,1.6709844966125045,1.6691938289167105,6.750367497312193,6.387312240745132,6.391672018616359,9.925454254763148,0.34816312613865036,0.2105163378179193,2.651514513271339,11.139357871121085,2.731045709376619,2.8756263358575143,9.141868965648914,9.096099503020405,8.66757656925672,12.455363772896503,13.169865355456011,7.218182684310504,6.686775674512254,6.676963610184372,5.669604837789507,2.606484468257727,2.6041858419113213,4.127053477679281,7.711197889463243,8.516662894721776,8.383485704370054,3.0870104756110535,5.744828968353787,2.8163100094110844,19.829807387146214,10.190766534597211,0.31023160755749224,0.6258728702724515,0.10617415139607855,6.777549073709572,9.39884606696623,8.433505963791593,4.01115012573086,4.694868521448365,6.152143232142989,7.061661007671727
6120497570,1.1440898578736802,10.192995819396172,7.794452298813254,8.986006997317102,13.733094313087753,29.79886580928267,,19.282498241304534,18.584644283813763,4.020885114219396,23.498411798178136,3.3514986740653185,3.1630757307428317,5.587363433542724,5.584689484856489,3.3123898430160112,5.402823733113148,0.9498554652597748,1.003620353354055,2.0979941805556583,2.201578475326663,13.776122541652116,3.28556963209242,8.932365008985744,4.6933820405562345,8.737131115366319,5.6136572357254995,5.611280896324825,2.719998221202849,2.7017429409565836,2.70554377209583,6.473207265799407,2.2691406427629652,2.7380421467603853,0.1386159083972216,8.005528972401066,0.43400489118160834,0.6409287823372077,6.2034362860498184,6.170746603375787,5.891299657002437,9.644997603857355,10.395158572036298,4.582474831291834,4.151190490783666,4.146003007687369,3.25479667124812,0.4077151253515926,0.40743695046547257,2.0956162369602667,5.768489819786688,6.842517923874593,6.815246984076251,9.311478291829086,13.290619729256242,17.651241190879404,15.961442634919306,2.865345465396367,2.8963342780595327,1.815221072237296,3.353296439992863,3.673552081091268,7.24148091129788,6.3468419649999905,2.0045142294741347,2.790912176602518,4.346641160679719,5.317858607548928
6120498830,2.6134198639593884,11.682159145167432,9.027171894242692,10.324183382042852,15.436934104114172,27.52995837853543,19.282498241304534,,0.0,1.0549121073399976,24.40142616574144,8.661033509110252,8.247278551089023,9.898190158859952,9.921185492406908,5.541815795258175,7.250989193037137,2.032786544057878,2.021326465620135,3.0060985384306322,3.12945972642791,12.525062191003455,4.474096059974863,7.631073657695592,5.927497914055061,7.459207288131541,7.155756586713194,7.155017649158835,1.4329004525265476,1.5254256729175963,1.5282087240012912,5.475425186387526,3.2058352262346017,3.648144973400338,1.0938812324649554,7.144808181721662,0.33170667261329406,0.09917389359404578,5.349647622883403,5.320033734704843,5.078436330517389,8.928303143786799,9.714784950130568,3.768382127645941,3.3595866026473957,3.355608221744313,2.478151777906523,0.3559625398257435,0.3557474203026625,1.4271506112410433,5.201302453837852,6.376212748636925,6.379492868041869,10.734296338231786,14.760763170153272,26.30173350158954,14.510028796539178,0.4308345988770662,3.769635229452399,2.6275282229956582,4.6017066937937505,2.7066286125644026,6.64655559849185,5.750811323263683,1.339880304245039,2.1764032089407754,3.7948205761150633,4.803671044652978
6120498980,2.611557441847302,11.663266413974496,9.02046146302784,10.316124029687886,15.39414243747576,27.295171849114567,18.584644283813763,0.0,,1.0562712360072894,24.61205107757972,8.719067345922669,8.303939160242388,9.95537558159028,9.979664465535073,5.5601577436855845,7.270880233349459,2.0351233942669507,2.0234364485645675,3.0086939308786214,3.132328007780674,12.582205897955586,4.481053878750265,7.652983096191712,5.937729197631403,7.480144538108564,7.17361377875831,7.172944315784595,1.4363355044641324,1.5287673108800253,1.5315805809992113,5.487204865875061,3.210700573206095,3.6533382192600796,1.0957158799893651,7.159616820236608,0.33210213312778675,0.09928504042725111,5.3605451897873255,5.330793251363788,5.087886501750406,8.947120399701893,9.736080824612255,3.7763799869948373,3.3662819360906564,3.362294376770772,2.48287503618327,0.3565388462416723,0.35632378498837985,1.4292664799848878,5.209892491339873,6.384144923103216,6.387090227235323,10.719349054421759,14.735327825032542,26.542260042968678,14.563580683245974,0.43289937969753334,3.772714420109423,2.629454173475767,4.610435877438113,2.711746575241189,6.658221529476079,5.760679693055303,1.341907797825057,2.1795564083787378,3.800045558569288,4.809941010381993
6120500310,2.138585048356769,7.32692205672736,6.423760439009778,7.0249791059417435,8.107334811682504,9.9690839646182,4.020885114219396,1.0549121073399976,1.0562712360072894,,16.177700284037673,4.417953689787278,4.378274929280146,5.57604254249238,5.598287012964266,4.2124597558187515,5.6936174650179625,1.8685974310412061,1.8644103092920379,2.6718824686719995,2.770879235165589,9.173770659446603,3.8216062563826774,5.6190099191745455,5.00512329185953,5.524304095885359,6.030988898680308,6.036887982110018,0.8263982968322144,0.9476983870206892,0.9503305520380829,4.337637738603836,2.9801778958436618,3.350238964798086,1.1861198947105847,5.937683832571113,0.49029976625404886,0.2819541019971621,4.4570632637481955,4.433187538801491,4.246318084487959,7.799350162454705,8.60530039131355,3.2358195348259624,2.8616799357483687,2.8604008219608654,2.0722923565209497,0.54484123804614,0.5448182164615553,1.1288701153276715,4.85688206486282,5.894908820165476,5.9548435738089305,7.006215672295588,8.581914276249503,9.57407333238004,31.449431733816855,0.234187719457812,3.3023687680095186,2.3835777962232205,3.9957884850219565,2.0446232129440216,6.090940585612395,5.284309338232501,1.0583231068513483,1.8671185708891103,3.4237518693144207,4.383892333200437
6120500430,6.180890610877257,14.732495347717725,11.816009772285877,13.189242340519263,18.322622607005204,26.063108544827102,23.498411798178136,24.40142616574144,24.61205107757972,16.177700284037673,,17.25941046484587,16.971352637540456,17.319898972885866,17.41477702326922,10.848981369315382,11.571700637266218,4.967899634966603,4.790147870885972,5.438859343996667,5.607298216050858,5.841608276075456,7.534401217577781,2.6807730576430133,9.003717612815715,2.624298398923522,10.943653412344824,10.95089697956762,2.597572488725413,2.176604571765249,2.1823454003861102,1.8947272270470714,5.798412538889366,6.131976666627078,3.905475638775817,3.8337329971937484,2.6051842455122136,2.304774274241598,2.2175679088612754,2.2047265500754953,2.149945673645488,5.874371348043022,6.663517005681444,0.8195313069977623,0.5527757887175982,0.55229854253371,0.2009949556577194,2.7377167993060665,2.7368108157184494,0.758917554873222,3.039387053397086,4.598220076823627,4.712107505977226,13.759267647402574,17.422480272679834,29.303175748333537,0.22946059412947234,6.863760769436589,6.076069191103463,4.838080380309499,7.857129320963454,0.4682415882034043,4.28001184003491,3.4503844691401526,0.8425594968370252,0.10715503731195468,1.8449976084021051,2.937114224899858
6120501590,0.06496522012721277,9.635781227610007,7.725499470374822,9.145275073782761,11.58486565873293,11.971460108359787,3.3514986740653185,8.661033509110252,8.719067345922669,4.417953689787278,17.25941046484587,,0.0,14.156270643266515,14.086452103626652,3.2826063017409313,6.476869022815865,0.27203623669332955,0.38682955164292865,1.7742621327198786,1.8952754443004625,23.41438031663649,3.2426651148255536,14.22373320996517,5.098078867887299,13.785713968415154,6.469133020758815,6.464051670020426,4.8912295076881955,4.625779098585663,4.633314431191384,9.275983367848921,2.0307669558818686,2.6068785531285315,0.6061219073521286,10.877630271394091,1.1169468664980846,1.3339207672286866,8.47178340291721,8.418719633470984,7.93428055386662,12.553451295203084,13.434308173275822,6.233957051072524,5.651031734122413,5.641138730012302,4.504933332422154,1.0685440045338037,1.0675133955308895,2.953225904239113,7.0698592238998925,8.098108499233685,7.979234809333971,8.88121266461917,13.09747424789046,29.97516634825565,13.139205838689,8.600586618320271,2.7379762717587406,1.4779737811241656,3.3521898542213364,5.459948935047472,8.973323011188565,7.868260100485961,2.8346368867467113,3.6808528662367395,5.387354843203218,6.441787060450202
6120501870,0.06441093713190334,9.390651025639183,7.646519400385893,9.025260258642591,10.999015435456913,11.129983780184244,3.1630757307428317,8.247278551089023,8.303939160242388,4.378274929280146,16.971352637540456,0.0,,18.0487702505165,18.190209016703797,3.4249425174029566,6.676521234548081,0.27492380068241606,0.3905132084373277,1.7880271977542495,1.9109173167147002,24.485344399260242,3.2903833068197854,14.63703801242841,5.181638310077486,14.173017725234716,6.627549926784872,6.622752995204997,5.00369847213984,4.719596028160858,4.727859582603718,9.452460335798932,2.057221945310551,2.638708045716488,0.614837425008276,11.06787078782538,1.1280908282361173,1.3464080551236173,8.61360642451529,8.558590792216485,8.054969154243993,12.762447448953921,13.662112734972554,6.3331980836042705,5.735940505436663,5.725769805747107,4.568760105671636,1.0816647215767359,1.0806176604256925,2.9860223680719455,7.150099731327321,8.170564912027421,8.046498112865315,8.698210186141255,12.652663778556764,25.397837007346194,13.009196784210918,9.191585987318645,2.758009680347166,1.4876092232041915,3.412250256869928,5.54946209233726,9.08694248803966,7.964338531242498,2.8662214795289533,3.7196101187028225,5.440783972428438,6.502492472143524
6120502430,1.340842420453968,7.176194535129794,6.272740155601853,7.4177806785657125,7.363659771536607,6.355772870253957,5.587363433542724,9.898190158859952,9.95537558159028,5.57604254249238,17.319898972885866,14.156270643266515,18.0487702505165,,0.0,0.7101672552738281,5.2588433139394075,0.795301791801584,0.5887762579594571,0.9980948517873471,1.105492481483395,29.50082632046915,2.2905981683281103,17.81749519388406,4.287466952767915,17.20391173795086,5.614677835604063,5.60937207857941,6.852482771718395,6.325407320437043,6.3361679214462985,11.165071408182763,1.291581354306353,1.9276478386386864,1.5561631798194713,12.654642348708986,1.8710424674994564,2.0684179022096174,9.976540708778906,9.910876207632585,9.294083857078533,14.22921467485485,15.14847046566514,7.431320363474391,6.762304250239419,6.7492904717806805,5.493248566615969,1.7997326650735523,1.7978239680914396,3.69273740653028,7.928771052397043,8.850853249679627,8.676237875908049,6.765841263977282,9.833975078577756,9.591104512026115,13.708569269809827,15.576694670094591,2.0415840443448445,0.7895093521965303,2.3863416442011824,6.85596569193717,10.03428353330782,8.839799851758594,3.5591501409661266,4.393199774114424,6.1166483001823595,7.176501204779398
6120502520,1.3325194249522843,7.105808910212276,6.228506716653084,7.356022424378443,7.279653994668733,6.317987377037047,5.584689484856489,9.921185492406908,9.979664465535073,5.598287012964266,17.41477702326922,14.086452103626652,18.190209016703797,0.0,,0.7097793761055415,5.257574873034002,0.7937131483823278,0.5876489374614976,0.9962788203195162,1.1035091655620952,29.74567526305513,2.287556657704216,17.851436468257052,4.283730771884824,17.234919683500067,5.6202918838193625,5.615256264837226,6.859119298892444,6.330372264646007,6.341486636819591,11.17790058304675,1.291648923634518,1.927421032256298,1.5567576743613198,12.671897081797235,1.870577818257871,2.0677279599195564,9.99133864770668,9.925298120598931,9.304857001999647,14.256075625817783,15.18148618288752,7.447666182798189,6.775309494896038,6.7623134980902115,5.503322598452217,1.8019061466859592,1.8000093230495802,3.69661803038633,7.942723092275602,8.85884339570842,8.684089799984612,6.704849978904048,9.721453366691236,9.603734816474823,13.776877022454265,15.726454399529985,2.03794599749227,0.7882172078447741,2.3856663914076326,6.860961794834645,10.051482765922875,8.854932807645936,3.563412201953772,4.3983104407035105,6.123354268664483,7.18349361854366
6120505910,1.63951197366764,5.217698179309607,5.773798437495962,6.487974733507931,4.073014631747669,2.9930110969882637,3.3123898430160112,5.541815795258175,5.5601577436855845,4.2124597558187515,10.848981369315382,3.2826063017409313,3.4249425174029566,0.7101672552738281,0.7097793761055415,,14.484548160245184,1.4436255245614573,1.089190756274407,1.050516577352395,1.1967129501061005,41.82347040157898,3.1356800667923914,36.40223671996037,6.3853132423822805,34.153389443818604,9.697288301028928,9.661540215069532,12.430658862496728,10.547886390041816,10.560036900069262,16.937739792005644,1.4928964558034938,2.3304738323465486,2.3945138175848077,17.898152876210435,2.55185890401873,2.7635968459473332,13.716435923255213,13.608018210939317,12.55091139481559,18.76125326104304,19.650147203357317,9.472623240613443,8.616286134640063,8.5904032264667,6.921546315374847,2.3737600560996084,2.369729207720416,4.582274217660191,9.25562052488899,10.290640739839862,9.961383776778503,5.263766579627644,6.475633978356183,2.761576659303154,9.47450228380772,23.904682020326575,2.377101242272196,0.781276677941075,3.403019108622854,10.010347903983867,12.103212296764777,10.561909402158019,4.38130221815926,5.296225851063504,7.235469911285768,8.428220596805922
6120508230,4.343258133313164,1.276018703409016,2.259425380212971,2.476945909644948,0.1442459420738607,0.46144622413176273,5.402823733113148,7.250989193037137,7.270880233349459,5.6936174650179625,11.571700637266218,6.476869022815865,6.676521234548081,5.2588433139394075,5.257574873034002,14.484548160245184,,5.716142198152183,4.737397916573725,1.5508676550805798,1.5059699054509186,42.04808604831705,1.1869397359230065,73.17403561048708,2.9790389136253577,67.81882500893983,5.863124194058316,5.803586784575162,27.42044964742981,21.007404761683098,20.995186627933077,26.742142996501304,1.1902710615288692,0.03826745380532703,6.1757356486668105,25.633981819888657,5.097556175024267,5.191405003934088,19.658998079317275,19.49282955831086,17.79488531835459,24.6641473544732,25.27664895169274,13.166058268584752,12.106412774808085,12.060726438586874,9.941548488618377,4.640800160459376,4.630708185453788,6.8127941160301635,11.527548693861716,12.390799290966715,11.851101397892556,1.441719617058243,2.038830832360591,1.4871690641950133,10.372223014675226,21.183089569608633,0.11469815515730167,1.3722960075549901,1.3248331017339525,16.37887540178505,15.149129764155237,13.284309626701702,6.514512426668793,7.343127611510269,9.294085458899353,10.498436723500516
6120508880,0.2821548255786582,4.266095259740796,5.939672360663144,5.841201678736801,3.1066917967917855,2.368694087855566,0.9498554652597748,2.032786544057878,2.0351233942669507,1.8685974310412061,4.967899634966603,0.27203623669332955,0.27492380068241606,0.795301791801584,0.7937131483823278,1.4436255245614573,5.716142198152183,,1.764429228003346,7.970372758173299,9.823413231494456,12.223092906947057,14.136383675717033,15.483270384686673,16.03569408941086,15.704157231298929,8.435930735918594,8.36687360759125,7.860571078332885,8.630589274680517,8.504702585155208,15.804188719522305,4.420862575609096,6.169676730666637,1.8066906791401067,17.358042415984,3.0311400321739947,3.488141672975308,12.970221352541316,12.97886269967979,13.135114850255347,16.796125349926452,16.629777515243028,7.624818675562143,7.315073911060953,7.283652124197392,5.870327621550783,1.7703611238002313,1.7635138304785136,4.428391447711168,8.28849323409175,10.962823740773192,10.472766424759469,4.541571373366602,4.654402016358921,2.05678900030189,4.58914625862831,3.4190517218913308,11.137853028202356,4.321629110737554,7.688587777421948,10.98728315000847,11.219127679151041,9.687400799992599,4.05473916289337,5.0927053810019105,7.283483368994193,8.787734574062487
6120509040,0.44198197531901756,3.8510121101024817,5.421865429847112,5.2949046758041565,2.776745178610265,2.108982876675584,1.003620353354055,2.021326465620135,2.0234364485645675,1.8644103092920379,4.790147870885972,0.38682955164292865,0.3905132084373277,0.5887762579594571,0.5876489374614976,1.089190756274407,4.737397916573725,1.764429228003346,,11.215813111194485,15.333876646147838,11.329731922727838,9.727900460817107,13.926392115209255,12.343407448606685,14.120282536511553,7.14012183285471,7.0904584114839,7.1605171888215935,7.933942403708701,7.829516559738584,14.718129456956655,4.104138510766698,5.96231651661831,2.0013266079922527,16.517479662178197,3.440551292084406,3.95006630374638,12.500361399620923,12.520636392264688,12.826864760678951,16.176596752287185,15.993975657749399,7.444900232702433,7.187640075419063,7.157536901928823,5.816448784822727,1.8760621431484859,1.8685910791995635,4.520146054871896,8.21497553753692,11.069040877741415,10.569162110323493,4.109267137318239,4.207056378171878,1.7902279881299656,4.441879236911138,3.2672481317065007,14.85729009354315,4.951592856886385,6.1444663151675165,10.551190397041442,11.06966358843157,9.582795999614664,4.128127076252923,5.159744576439705,7.347313663655902,8.875187865272812
6120509300,2.320652552675503,1.8770249953317608,3.0138404104924956,2.9247920422214944,1.0640375793674484,0.6281448865764454,2.0979941805556583,3.0060985384306322,3.0086939308786214,2.6718824686719995,5.438859343996667,1.7742621327198786,1.7880271977542495,0.9980948517873471,0.9962788203195162,1.050516577352395,1.5508676550805798,7.970372758173299,11.215813111194485,,2.2755841878952174,11.316173262416198,1.8168078022580438,13.465527114893746,4.8430996835742945,13.630883635201211,3.325717134147583,3.307906707153489,8.128505883217116,8.893981779284534,8.799746374368134,14.60335349035133,0.6213381192861196,2.220801802726617,4.469090139583456,16.415093477566426,6.5290645052983844,7.150818560614268,12.986908726604318,13.021990242337097,13.519322635783007,16.189326583958998,15.950664046051122,8.23703152758264,8.070587341970645,8.039399720408648,6.800730455621051,3.279564468853262,3.266448351009396,5.751576727283312,8.876446391494056,11.9810643946652,11.414072929510924,2.059577311612991,2.228229475915947,0.2417433795407637,5.07646550136639,4.452284673983653,26.283298370841766,0.5788500002585742,1.3678032034456022,11.477605388187259,11.671174454916644,10.251668706403917,5.2724413626672275,6.206767251159854,8.295117360484879,9.822241305682521
6120509440,2.443561195151342,1.8278229143951188,2.9575131681298186,2.8802505901219244,1.010272455505674,0.5738687357269354,2.201578475326663,3.12945972642791,3.132328007780674,2.770879235165589,5.607298216050858,1.8952754443004625,1.9109173167147002,1.105492481483395,1.1035091655620952,1.1967129501061005,1.5059699054509186,9.823413231494456,15.333876646147838,2.2755841878952174,,11.801388026448091,1.7651079271344596,14.2442878036795,5.075419162124645,14.430811240499356,3.38367174828616,3.364613364901334,8.727053054743903,9.57065675278006,9.463161941317713,15.519329038050191,0.48942156180341473,2.1607560036513282,4.858192271209259,17.290860785232532,6.827296932470631,7.3984029296044245,13.636307741883009,13.672355974233211,14.174707557315907,16.872540598710554,16.589801714819412,8.57570358500394,8.399492183032022,8.36604635660108,7.071931415380442,3.442833004363975,3.4288450181120735,5.947077164426098,9.117641526366992,12.196116791180112,11.600520143838816,2.008910318681743,2.1911678689729843,0.17667174153220422,5.229429655816612,4.694838094904556,13.899183068476132,0.9046529703743971,1.2972881527158124,12.24578637110092,12.025080923833633,10.553449121849097,5.451821174382944,6.387484562482456,8.494068266099154,10.027859147904024
6120509550,10.505937934825232,18.263736150892516,16.75404506353796,18.343567932226353,19.298409679512194,19.260332585340542,13.776122541652116,12.525062191003455,12.582205897955586,9.173770659446603,5.841608276075456,23.41438031663649,24.485344399260242,29.50082632046915,29.74567526305513,41.82347040157898,42.04808604831705,12.223092906947057,11.329731922727838,11.316173262416198,11.801388026448091,,18.77303140017965,4.411127802881441,22.709701556008195,4.169870326151094,37.166502629004306,37.356275839144814,14.86627364704275,11.909658330893848,12.007251701477049,2.4738448252151177,13.772115632463962,13.821349355804141,11.320267229581665,1.9023340780624223,7.002802859998916,6.318993740660364,1.028716717685187,1.0176458468915626,0.7452727154337783,5.811943982604118,7.192093455019137,3.329971043343143,3.435189941763094,3.4272794776728124,4.357335648643902,7.618346075799535,7.611676920526388,4.065211755796818,1.4262350120997112,4.075816544608845,4.2501653934972,17.703736870283098,20.39983007125029,25.53251430343106,5.311427671442505,44.44293436913955,11.966273247559238,9.681758042650445,21.82885389382956,6.131067441785888,3.191875691537366,1.9579002392291829,4.167933089295974,2.549935631320322,0.10097380302676218,1.7278201614544282
6120510580,3.389150636291693,1.4722098375186163,2.519913474691295,2.5665139997128823,0.5823645387812725,0.11733034024641255,3.28556963209242,4.474096059974863,4.481053878750265,3.8216062563826774,7.534401217577781,3.2426651148255536,3.2903833068197854,2.2905981683281103,2.287556657704216,3.1356800667923914,1.1869397359230065,14.136383675717033,9.727900460817107,1.8168078022580438,1.7651079271344596,18.77303140017965,,28.214767419757887,20.56011996950284,28.94030416283408,5.1533342753360225,5.091294855185064,20.497066484423566,22.391517200557953,21.8804333772849,29.43968788059127,0.8988375069400922,1.0107308870052265,8.489531974066452,28.127912310921925,7.152898624035072,7.230104690339235,20.998993980667088,20.975836060377503,20.6245974483994,24.45640792706828,23.802793095453303,12.183787361959203,11.715270556345851,11.656856341192158,9.67804567914121,4.760695642026875,4.741763384762696,7.3364737815692935,11.236407977942445,13.458785966030478,12.706538587924546,1.640810403647345,1.9686112720844016,0.4325276720824052,6.956169014896641,7.98691890455051,1.2549224162713921,1.4599294856515512,0.07829971454385329,21.672074849728006,15.187185791568039,13.21625356665656,6.803132562028193,7.7005162226187585,9.862018257023928,11.324320080432862
6120511390,9.629201342224123,15.511446205543532,15.800834272591926,16.81699931386753,14.919293035538484,13.712338227906862,8.932365008985744,7.631073657695592,7.652983096191712,5.6190099191745455,2.6807730576430133,14.22373320996517,14.63703801242841,17.81749519388406,17.851436468257052,36.40223671996037,73.17403561048708,15.483270384686673,13.926392115209255,13.465527114893746,14.2442878036795,4.411127802881441,28.214767419757887,,37.37577254134176,0.0,132.5123525585705,134.82376630807326,36.16128754821681,20.86314770192695,21.123991670511597,0.414900755744051,17.979985858455006,17.787448399421983,14.661227147550157,5.955899173959988,7.802409502448945,6.872007363995133,1.1372709291294583,1.1231096111421028,1.1901872777636247,9.922889376887895,11.218126059592345,1.961986010321434,2.2884176431689727,2.278183851090204,3.4810289295594763,7.820918781533002,7.803888368619601,3.609997817024531,2.666291649062864,5.463194935465244,5.509619996240101,15.443095956761207,16.7337309584228,16.1666560693224,2.48769450143242,18.632149712294584,14.209989164603979,11.059580570621714,38.69200075117245,6.943573274723199,4.990815025626234,3.4696738496444053,3.6686979549057983,1.8413231112468458,1.1045499878481115,2.890715297384591
6120511400,4.988051167265173,0.21823313434546068,0.6125732292497785,0.6536483985433618,0.9965764802862093,1.316479730287221,4.6933820405562345,5.927497914055061,5.937729197631403,5.00512329185953,9.003717612815715,5.098078867887299,5.181638310077486,4.287466952767915,4.283730771884824,6.3853132423822805,2.9790389136253577,16.03569408941086,12.343407448606685,4.8430996835742945,5.075419162124645,22.709701556008195,20.56011996950284,37.37577254134176,,38.71409024564285,0.616511538130993,0.6078823864685661,32.53588749759049,36.4631000351935,35.3677756145875,40.88894507839482,4.85793637420864,2.6113728742895184,13.545313834858277,36.048705871734626,9.557008571284948,9.380759295715935,26.723901637702745,26.665030955191906,25.770317916339447,29.59129748366826,28.538127012741366,15.26671358078167,14.679849043025191,14.601180726658683,12.23010041247761,6.784744459928113,6.7574810189695,9.210127535308171,13.069395692157391,14.963076045919653,14.048284521283948,0.0836402951032847,0.2816376570287402,2.06807149713166,8.324549555202406,10.882659096281314,1.8947644426753003,3.750936995531326,18.296523956217452,30.111322322399705,17.673571870324743,15.428070890367547,8.579950757080256,9.354964073478222,11.459668406623933,12.874896651292511
6120511580,9.519703345965297,15.223058158223916,15.588831831927,16.5473494049083,14.597351076708245,13.4099927408544,8.737131115366319,7.459207288131541,7.480144538108564,5.524304095885359,2.624298398923522,13.785713968415154,14.173017725234716,17.20391173795086,17.234919683500067,34.153389443818604,67.81882500893983,15.704157231298929,14.120282536511553,13.630883635201211,14.430811240499356,4.169870326151094,28.94030416283408,0.0,38.71409024564285,,159.31444498515862,163.55630003139373,41.68679461249651,22.743209231892617,23.06560240515767,0.4424639754952691,18.541946461614923,18.287971642191973,15.20012983226842,6.231439803184529,7.963354927175707,7.002156295839326,1.1809175891492822,1.1658581467301394,1.2307717575195385,10.221585420690053,11.51035864588796,2.0037503241504666,2.338838231246373,2.327958053335739,3.550574905451427,7.978907256389499,7.960835535989739,3.6735099701474385,2.698285593242297,5.531238236623529,5.571048807644334,15.175139567490064,16.388906840325983,15.720409507886135,2.440566976338163,17.606932864954263,14.37814314794132,11.183216448941874,40.72743825749487,7.271766666459702,5.071931481292583,3.5213252992481436,3.7291648124764802,1.8687928432529601,1.1196836021617824,2.9289583540611974
6120511930,4.840931685315636,0.4104387303965735,0.40440462587444914,0.45578095269080593,1.2785423393417432,1.6709844966125045,5.6136572357254995,7.155756586713194,7.17361377875831,6.030988898680308,10.943653412344824,6.469133020758815,6.627549926784872,5.614677835604063,5.6202918838193625,9.697288301028928,5.863124194058316,8.435930735918594,7.14012183285471,3.325717134147583,3.38367174828616,37.166502629004306,5.1533342753360225,132.5123525585705,0.616511538130993,159.31444498515862,,0.0,174.5239660711694,59.94366363726399,60.53181363611941,55.26590831462114,3.9131877881791266,2.164700710031878,11.458753236852916,43.74629281334414,7.631228512571235,7.521426106273842,31.792676883039086,31.41977452779686,27.495818342678135,36.56178753269426,36.36072090711749,18.943470890028117,17.441873592937416,17.34971132605227,14.187936052699438,7.200862128774775,7.1807070229391705,9.454401050839737,14.5396946786124,15.072252615768772,14.205318172519332,0.26747288282690945,0.11294978444045221,2.699310399424718,10.07991598724759,16.235056777090463,1.463254372946738,2.8274325644345653,8.26226308291786,29.37089971553854,19.73612444563168,17.17166617452573,9.002686303001317,9.751073016670178,11.818446762116128,13.074879093565423
6120512020,4.821172261573085,0.40920022041587795,0.4027693396110881,0.4540112819236085,1.2758693289239447,1.6691938289167105,5.611280896324825,7.155017649158835,7.172944315784595,6.036887982110018,10.95089697956762,6.464051670020426,6.622752995204997,5.60937207857941,5.615256264837226,9.661540215069532,5.803586784575162,8.36687360759125,7.0904584114839,3.307906707153489,3.364613364901334,37.356275839144814,5.091294855185064,134.82376630807326,0.6078823864685661,163.55630003139373,0.0,,177.25947747586068,60.09356332615101,60.7852234472536,55.69455387065676,3.90777828123042,2.160648702497758,11.459198761945688,44.038926291236436,7.619880552631414,7.5095466794856724,31.989842268982137,31.608387542651943,27.606575000684533,36.80732065927702,36.61981237598264,19.06024292422932,17.53518628007952,17.442331769751636,14.254794883904408,7.221724358204982,7.201614331859517,9.475790061774754,14.588178030687164,15.09639975150822,14.227122188063602,0.26659751661683717,0.11264516725544739,2.697864965574692,10.089473232823112,16.242965746557292,1.4559693576646366,2.815646402744403,8.143687784847595,29.436133513701787,19.811362957227796,17.233789633787385,9.025570843764768,9.773795245193737,11.84311113519918,13.09834762291688
6120512630,3.854043333613435,8.473209905235787,9.288892647199551,9.719544870728358,7.623937544013778,6.750367497312193,2.719998221202849,1.4329004525265476,1.4363355044641324,0.8263982968322144,2.597572488725413,4.8912295076881955,5.00369847213984,6.852482771718395,6.859119298892444,12.430658862496728,27.42044964742981,7.860571078332885,7.1605171888215935,8.128505883217116,8.727053054743903,14.86627364704275,20.497066484423566,36.16128754821681,32.53588749759049,41.68679461249651,174.5239660711694,177.25947747586068,,2.5009205959982315,2.5464849723332876,25.83199425353281,12.668715933324028,12.940556722553406,7.193643376767785,24.017117088935283,2.5957287389207706,1.9143089806842215,14.399165366446558,14.223872413902125,12.50469323263198,22.192256366386616,22.52030256022546,6.3384959813655275,5.512627463284062,5.480830198100905,3.3719375292579667,2.5131429490896577,2.505455461064309,1.3274236484644668,7.484412009028758,9.602115548090607,9.237049983848815,8.569541824428924,9.207100504312242,7.373415343709375,2.385275902610878,2.5173736323672125,9.325008522926046,6.521327033212154,36.63541252909156,6.860111156670302,11.21694351872074,9.137416164023742,1.1240345146371828,2.656950482187033,5.437853073036005,7.120825090357653
6120513850,3.8584760164727117,8.027708866284678,8.912043463389121,9.236849352956765,7.1923241590079074,6.387312240745132,2.7017429409565836,1.5254256729175963,1.5287673108800253,0.9476983870206892,2.176604571765249,4.625779098585663,4.719596028160858,6.325407320437043,6.330372264646007,10.547886390041816,21.007404761683098,8.630589274680517,7.933942403708701,8.893981779284534,9.57065675278006,11.909658330893848,22.391517200557953,20.86314770192695,36.4631000351935,22.743209231892617,59.94366363726399,60.09356332615101,2.5009205959982315,,0.0,41.310798618089954,16.207392587833493,16.02948331232076,10.068007522729376,30.240671589250027,3.277269065919169,2.450693029756449,16.777403752079003,16.592377510794137,14.576855586243527,24.45052393360486,24.011635072664518,6.382483753260306,5.605525568504016,5.56752693814936,3.2981176660474265,3.1015427384105414,3.089851068705123,1.181854449027092,7.62505333723386,10.027967260880114,9.58802272246393,8.14401154455304,8.656288491953182,6.876047830190901,2.0110827570460903,2.5153333519508516,10.13050209134234,7.147816516338521,46.72684987580273,8.773372396750016,11.72073286146873,9.455128069411327,0.9603170432720348,2.6242496065797885,5.600762434145296,7.4023837503871395
6120513920,3.843614332111499,8.01345064495605,8.880742574279104,9.209260989335418,7.188879848780382,6.391672018616359,2.70554377209583,1.5282087240012912,1.5315805809992113,0.9503305520380829,2.1823454003861102,4.633314431191384,4.727859582603718,6.3361679214462985,6.341486636819591,10.560036900069262,20.995186627933077,8.504702585155208,7.829516559738584,8.799746374368134,9.463161941317713,12.007251701477049,21.8804333772849,21.123991670511597,35.3677756145875,23.06560240515767,60.53181363611941,60.7852234472536,2.5464849723332876,0.0,,42.59291113345552,16.04947687362072,15.87309318005181,9.990188862649164,30.679286251236118,3.2562662459104823,2.4356334099721737,16.974458645640745,16.77764342582563,14.656020536533438,24.746783488155444,24.313772038850157,6.448533451913689,5.654403433175223,5.6159180169840175,3.3224152597464522,3.1121780354705257,3.100566309442012,1.1845364924421653,7.661852890137369,10.042384945658561,9.60186496462275,8.126179712427984,8.645735713468312,6.887615928260764,2.016841176167419,2.52537612923798,10.029818856096286,7.086496455922394,44.535368200997844,8.745829963957226,11.786238660077618,9.504775282413473,0.9631586911458986,2.6312148808611395,5.6134890067369465,7.415244217066272
6120515890,7.6454704332099945,11.482083114035827,12.29257681885436,12.691695186542983,10.762357191728965,9.925454254763148,6.473207265799407,5.475425186387526,5.487204865875061,4.337637738603836,1.8947272270470714,9.275983367848921,9.452460335798932,11.165071408182763,11.17790058304675,16.937739792005644,26.742142996501304,15.804188719522305,14.718129456956655,14.60335349035133,15.519329038050191,2.4738448252151177,29.43968788059127,0.414900755744051,40.88894507839482,0.4424639754952691,55.26590831462114,55.69455387065676,25.83199425353281,41.310798618089954,42.59291113345552,,31.44209316133884,28.598190638904853,30.819764080858217,20.493275622397597,10.802151714804019,9.175350131159163,3.3089671044704576,3.253968747043457,3.021054766098954,17.88321204582984,17.752102568557532,2.5196196799838004,3.129080967116091,3.102205610679168,4.763582451249813,11.315305643041553,11.267172636937092,4.855615065768593,3.435437101491357,6.9538785942061745,6.828053221591385,11.568051110238194,12.139961637301084,10.987536108576128,1.8077363794747232,9.47752651853143,15.487792695770032,12.175772669690193,48.525582629163054,21.98505091615778,6.880971003202738,4.701778040778806,4.824946095536764,2.2801552221446726,1.5477872042025451,3.7980650195698504
6120517560,1.9533971883011143,1.3001157005540669,1.969810192203742,2.000990667919137,0.6920133183970549,0.34816312613865036,2.2691406427629652,3.2058352262346017,3.210700573206095,2.9801778958436618,5.798412538889366,2.0307669558818686,2.057221945310551,1.291581354306353,1.291648923634518,1.4928964558034938,1.1902710615288692,4.420862575609096,4.104138510766698,0.6213381192861196,0.48942156180341473,13.772115632463962,0.8988375069400922,17.979985858455006,4.85793637420864,18.541946461614923,3.9131877881791266,3.90777828123042,12.668715933324028,16.207392587833493,16.04947687362072,31.44209316133884,,12.027007215082454,29.48069981019559,39.42258548500527,14.0895052418552,12.449148085494304,30.898991437626567,31.35101077488353,37.27581862795329,33.0635109139969,30.082363770765898,15.205481755708151,15.560238227348428,15.450826616694936,12.921827435921394,7.02598452155937,6.97191117002328,10.927136113042023,14.070506856785435,18.18220955367292,16.56904781763034,1.408720703921558,1.6534713494933342,0.03062748561770853,5.486237760414641,5.152596691271903,1.598185401980889,0.6966735181836823,1.05024417406279,35.96622331395828,20.37165438542961,17.375113554111046,9.62152782500858,10.643629274066544,13.463859047799206,15.485796405818336
6120517570,2.594018017986553,0.6684129267352695,1.2979692117209358,1.320166263372543,0.090708965672776,0.2105163378179193,2.7380421467603853,3.648144973400338,3.6533382192600796,3.350238964798086,6.131976666627078,2.6068785531285315,2.638708045716488,1.9276478386386864,1.927421032256298,2.3304738323465486,0.03826745380532703,6.169676730666637,5.96231651661831,2.220801802726617,2.1607560036513282,13.821349355804141,1.0107308870052265,17.787448399421983,2.6113728742895184,18.287971642191973,2.164700710031878,2.160648702497758,12.940556722553406,16.02948331232076,15.87309318005181,28.598190638904853,12.027007215082454,,22.754598610761864,34.98938891173126,21.106263711801354,17.66486678594015,28.133840939376704,28.495874970347813,33.35227674501068,30.715109903720972,28.29761820650068,14.989688664245577,15.371009293790687,15.273454430004815,13.024765825565238,7.8914491977949615,7.832489162957602,11.652312171024626,14.181213434462823,18.692752875386226,17.034498050116543,0.7708064701431696,1.0113977101613014,0.6354149061254605,5.804446685544376,5.713935059710611,0.2251504092811674,2.1266644188980486,1.0431870447614024,30.64094121686212,20.10317300981791,17.318317379876873,10.252493678116497,11.209777700445732,13.951640280804279,16.006995638682852
6120517890,0.6021710275222723,3.8035064901816775,4.578220543840445,4.654393985659297,3.1298994221895358,2.651514513271339,0.1386159083972216,1.0938812324649554,1.0957158799893651,1.1861198947105847,3.905475638775817,0.6061219073521286,0.614837425008276,1.5561631798194713,1.5567576743613198,2.3945138175848077,6.1757356486668105,1.8066906791401067,2.0013266079922527,4.469090139583456,4.858192271209259,11.320267229581665,8.489531974066452,14.661227147550157,13.545313834858277,15.20012983226842,11.458753236852916,11.459198761945688,7.193643376767785,10.068007522729376,9.990188862649164,30.819764080858217,29.48069981019559,22.754598610761864,,43.83525949764955,2.4424594604369805,2.9201562831892494,31.19867623955694,31.778782466645946,38.68416506785185,33.63794831761456,29.99542256994055,12.23590704274062,12.304721347494679,12.201474313457876,9.359168354879113,1.7336431073493606,1.7202615923318472,6.570943858681991,11.830865280841854,15.441009295553794,14.172952257713636,3.9242585717063228,4.191646735376678,2.536013794586606,3.689646203258927,1.9809926472373467,6.206269233439894,3.7186031063763925,10.776712134722834,39.72550037582161,18.104037081165668,14.965924302447336,5.746397694675323,7.249396018626894,10.468741393328777,12.555839474058093
6120518290,8.970244541482923,12.458062064260462,13.161522278033651,13.546794584725587,11.866812799373507,11.139357871121085,8.005528972401066,7.144808181721662,7.159616820236608,5.937683832571113,3.8337329971937484,10.877630271394091,11.06787078782538,12.654642348708986,12.671897081797235,17.898152876210435,25.633981819888657,17.358042415984,16.517479662178197,16.415093477566426,17.290860785232532,1.9023340780624223,28.127912310921925,5.955899173959988,36.048705871734626,6.231439803184529,43.74629281334414,44.038926291236436,24.017117088935283,30.240671589250027,30.679286251236118,20.493275622397597,39.42258548500527,34.98938891173126,43.83525949764955,,15.393685820134742,13.211444921002789,24.92353567908168,24.01248170858023,12.197749155605203,14.895319643906358,14.495524196290157,10.92968427250127,11.830724509883686,11.688407915059523,12.58645027485883,19.673892599127804,19.576586042760326,9.98656462770639,0.6477518402977878,5.248215540536929,5.325929171575004,12.520020360917773,13.090583526644426,12.337365158155295,3.668660077820338,11.706230523161105,17.20649549426737,14.146479711992406,39.64029133961349,40.70524087079052,3.7764946188184365,1.4903279088148134,9.724495458084364,6.095296306893986,1.2458147100786545,1.515344087807549
6120519540,1.2100695266925128,3.8176375129161944,4.640226909244472,4.624339168555659,3.1767138989231367,2.731045709376619,0.43400489118160834,0.33170667261329406,0.33210213312778675,0.49029976625404886,2.6051842455122136,1.1169468664980846,1.1280908282361173,1.8710424674994564,1.870577818257871,2.55185890401873,5.097556175024267,3.0311400321739947,3.440551292084406,6.5290645052983844,6.827296932470631,7.002802859998916,7.152898624035072,7.802409502448945,9.557008571284948,7.963354927175707,7.631228512571235,7.619880552631414,2.5957287389207706,3.277269065919169,3.2562662459104823,10.802151714804019,14.0895052418552,21.106263711801354,2.4424594604369805,15.393685820134742,,5.4235171210205735,11.968228993813279,12.100921759260888,14.103316945007126,16.793013428500622,16.203356023517145,6.594523716273708,6.646601056302644,6.614924238497871,5.185748248577244,0.05739908234730747,0.05698802347371223,4.553100305586039,8.845140486733689,14.810570705502235,13.641060806381347,3.9529979076651003,4.094353896086341,2.6122813574433854,2.473071052601935,0.647376872721213,8.733792793366346,6.347927886591905,7.1345143201750165,7.866039541006644,12.694381809417187,10.735548538920526,3.8258642179786393,5.518567236745287,8.917525374062823,11.461764192388962
6120519550,1.4628414913650734,3.9686696219683935,4.810013256945784,4.779004898999188,3.325517208724593,2.8756263358575143,0.6409287823372077,0.09917389359404578,0.09928504042725111,0.2819541019971621,2.304774274241598,1.3339207672286866,1.3464080551236173,2.0684179022096174,2.0677279599195564,2.7635968459473332,5.191405003934088,3.488141672975308,3.95006630374638,7.150818560614268,7.3984029296044245,6.318993740660364,7.230104690339235,6.872007363995133,9.380759295715935,7.002156295839326,7.521426106273842,7.5095466794856724,1.9143089806842215,2.450693029756449,2.4356334099721737,9.175350131159163,12.449148085494304,17.66486678594015,2.9201562831892494,13.211444921002789,5.4235171210205735,,10.179462752899674,10.280977934579965,11.82556234753918,14.822654323095898,14.456556719266402,5.683337685212467,5.6848538684825725,5.6602130387520075,4.366573712109009,0.5912766076308389,0.5873856814023857,3.7505289602353664,8.086111197503936,14.06541170866983,13.042759430776524,4.108281067857215,4.228590030698453,2.7652670540418156,2.1881930110430443,0.3091896883456782,9.433994350576334,7.2439734308173875,7.090942430353842,6.2303567197738925,11.499653241288089,9.735601015267628,3.1448316852093035,4.828854232099246,8.169902137375063,10.698805613875331
6120519630,6.970772228045136,10.25125271482173,10.861142438709939,11.173330853980664,9.724701137308617,9.141868965648914,6.2034362860498184,5.349647622883403,5.3605451897873255,4.4570632637481955,2.2175679088612754,8.47178340291721,8.61360642451529,9.976540708778906,9.99133864770668,13.716435923255213,19.658998079317275,12.970221352541316,12.500361399620923,12.986908726604318,13.636307741883009,1.028716717685187,20.998993980667088,1.1372709291294583,26.723901637702745,1.1809175891492822,31.792676883039086,31.989842268982137,14.399165366446558,16.777403752079003,16.974458645640745,3.3089671044704576,30.898991437626567,28.133840939376704,31.19867623955694,24.92353567908168,11.968228993813279,10.179462752899674,,0.0,1.1771590810335555,37.913458495786315,28.27889456838242,6.493308708545392,7.882040405252267,7.75913904488533,9.644962960963507,18.346955728427783,18.254135698138054,7.725618225621402,3.440905440972116,7.627429184791942,7.4124291914953435,10.30640918760535,10.820795507815001,10.020540824763998,2.1407606616964983,8.41948594122265,13.889201356476672,11.365756650157037,27.94810917384717,18.187867821570048,8.33942568825744,5.189175604467161,7.623862956476087,3.9260235270637023,1.0808117530622254,3.863365526695882
6120519710,6.952959287390154,10.210976708285447,10.82909392829406,11.135054283911268,9.67999514962175,9.096099503020405,6.170746603375787,5.320033734704843,5.330793251363788,4.433187538801491,2.2047265500754953,8.418719633470984,8.558590792216485,9.910876207632585,9.925298120598931,13.608018210939317,19.49282955831086,12.97886269967979,12.520636392264688,13.021990242337097,13.672355974233211,1.0176458468915626,20.975836060377503,1.1231096111421028,26.665030955191906,1.1658581467301394,31.41977452779686,31.608387542651943,14.223872413902125,16.592377510794137,16.77764342582563,3.253968747043457,31.35101077488353,28.495874970347813,31.778782466645946,24.01248170858023,12.100921759260888,10.280977934579965,0.0,,1.276243293720132,36.9709865724088,27.660940898720323,6.426629916560375,7.869855442698797,7.746599291328423,9.666936161557807,18.60601757078243,18.507772538297363,7.812183332668193,3.4460689180084563,7.674841583160192,7.450537447497718,10.268403458574443,10.774158087442432,9.96042825027732,2.1286113772165356,8.34748850491714,13.929871129506921,11.405166644321985,27.840544278020527,18.353738158097823,8.369823315452024,5.205076326953875,7.692335728184902,3.955510487497253,1.0880121039418038,3.8891976631857816
6120520530,6.8255380026082735,9.832824394780284,10.534804807746593,10.774390004061855,9.259755178663958,8.66757656925672,5.891299657002437,5.078436330517389,5.087886501750406,4.246318084487959,2.149945673645488,7.93428055386662,8.054969154243993,9.294083857078533,9.304857001999647,12.55091139481559,17.79488531835459,13.135114850255347,12.826864760678951,13.519322635783007,14.174707557315907,0.7452727154337783,20.6245974483994,1.1901872777636247,25.770317916339447,1.2307717575195385,27.495818342678135,27.606575000684533,12.50469323263198,14.576855586243527,14.656020536533438,3.021054766098954,37.27581862795329,33.35227674501068,38.68416506785185,12.197749155605203,14.103316945007126,11.82556234753918,1.1771590810335555,1.276243293720132,,24.3504823402362,20.393423358893223,5.856777482435353,7.6672972293150465,7.555925435362338,9.839954077669775,22.201370380820208,22.011600616373293,9.177091281430622,3.295949034658907,8.120774391510686,7.794313790529873,9.913370862782134,10.328434190300555,9.390765622923544,2.0778364827717457,7.7047266179786105,14.494790687638751,11.975771287846577,26.295672556504137,18.511234060660016,8.292813451777702,5.079803079378049,8.74529964040997,4.503026474583163,1.00547411379239,4.051866447360399
6120520930,9.93916636544682,13.289126989598918,13.696451399663749,14.128105729964636,12.95150063483316,12.455363772896503,9.644997603857355,8.928303143786799,8.947120399701893,7.799350162454705,5.874371348043022,12.553451295203084,12.762447448953921,14.22921467485485,14.256075625817783,18.76125326104304,24.6641473544732,16.796125349926452,16.176596752287185,16.189326583958998,16.872540598710554,5.811943982604118,24.45640792706828,9.922889376887895,29.59129748366826,10.221585420690053,36.56178753269426,36.80732065927702,22.192256366386616,24.45052393360486,24.746783488155444,17.88321204582984,33.0635109139969,30.715109903720972,33.63794831761456,14.895319643906358,16.793013428500622,14.822654323095898,37.913458495786315,36.9709865724088,24.3504823402362,,10.686961782888813,43.65373455211884,44.49343577324221,43.41852510935381,35.168740868080114,32.539908328066694,32.483505835134764,17.175874628890853,3.9093189000388215,2.7552826351333803,3.2028990925103913,13.284703707492751,13.958082440599105,13.864626465382486,5.679326031092853,13.875949550773342,16.868446522133198,14.418773581865324,31.127451733024717,26.066580354336846,1.8781576618979494,4.237127410760405,17.269110251342937,11.808856320490655,5.318019213962159,1.7459823581698566
6120521250,10.325785906858847,13.793367256064025,14.05469521569099,14.539786859030793,13.571290246269923,13.169865355456011,10.395158572036298,9.714784950130568,9.736080824612255,8.60530039131355,6.663517005681444,13.434308173275822,13.662112734972554,15.14847046566514,15.18148618288752,19.650147203357317,25.27664895169274,16.629777515243028,15.993975657749399,15.950664046051122,16.589801714819412,7.192093455019137,23.802793095453303,11.218126059592345,28.538127012741366,11.51035864588796,36.36072090711749,36.61981237598264,22.52030256022546,24.011635072664518,24.313772038850157,17.752102568557532,30.082363770765898,28.29761820650068,29.99542256994055,14.495524196290157,16.203356023517145,14.456556719266402,28.27889456838242,27.660940898720323,20.393423358893223,10.686961782888813,,79.85311999315788,55.710556605947914,54.795887904789886,41.19824223890927,31.70590563867681,31.720119612896593,17.61428759000629,5.5854175193891145,1.807160549481534,2.3760788147154224,13.752544117588489,14.516485497326762,14.74598661128211,6.462303603000313,15.03069756425171,16.57682633912801,14.254576550514894,29.889622484233954,23.63068470625458,4.185659403389054,6.349263862499506,18.119440763414143,12.792535896247406,6.314000164119915,2.689733910260258
6120522690,4.821757799363917,7.844916389659713,8.163164778440562,8.44294482852995,7.5270817633657305,7.218182684310504,4.582474831291834,3.768382127645941,3.7763799869948373,3.2358195348259624,0.8195313069977623,6.233957051072524,6.3331980836042705,7.431320363474391,7.447666182798189,9.472623240613443,13.166058268584752,7.624818675562143,7.444900232702433,8.23703152758264,8.57570358500394,3.329971043343143,12.183787361959203,1.961986010321434,15.26671358078167,2.0037503241504666,18.943470890028117,19.06024292422932,6.3384959813655275,6.382483753260306,6.448533451913689,2.5196196799838004,15.205481755708151,14.989688664245577,12.23590704274062,10.92968427250127,6.594523716273708,5.683337685212467,6.493308708545392,6.426629916560375,5.856777482435353,43.65373455211884,79.85311999315788,,3.672646075917664,3.6986401959218025,9.492537359437032,14.796556726817702,14.84408467190806,4.719027371189102,8.807679997379575,10.235903740695168,9.834746840384359,7.851397079017896,8.37971070863808,7.8520397566952616,0.8161588481019708,5.460699190922922,9.061957566354986,7.410326754100907,14.870727521677809,3.6287024707124966,19.79436803720353,13.271328977904592,5.227568316491773,1.4970175460449886,3.8088324916009815,6.494066357922302
6120523540,4.5140095150255615,7.374708541795588,7.752482179914706,7.9887851178303295,7.016873246958494,6.686775674512254,4.151190490783666,3.3595866026473957,3.3662819360906564,2.8616799357483687,0.5527757887175982,5.651031734122413,5.735940505436663,6.762304250239419,6.775309494896038,8.616286134640063,12.106412774808085,7.315073911060953,7.187640075419063,8.070587341970645,8.399492183032022,3.435189941763094,11.715270556345851,2.2884176431689727,14.679849043025191,2.338838231246373,17.441873592937416,17.53518628007952,5.512627463284062,5.605525568504016,5.654403433175223,3.129080967116091,15.560238227348428,15.371009293790687,12.304721347494679,11.830724509883686,6.646601056302644,5.6848538684825725,7.882040405252267,7.869855442698797,7.6672972293150465,44.49343577324221,55.710556605947914,3.672646075917664,,0.0,14.26587116095734,17.960816488251808,18.035683670737882,4.91581140438775,10.190854466621095,11.619497982807836,10.96328737003213,7.398845226450359,7.860035055411997,7.203170221642642,0.5554915452375656,4.777173406085265,8.930794203408585,7.302894394236783,14.171654269772883,3.027385735804744,25.902809393938355,16.57202791139491,5.48968851622118,1.1149800468653603,4.788100638858208,7.654920994728594
6120523640,4.503612229323077,7.359920417935627,7.7347460540368695,7.970828536718727,7.004396885657549,6.676963610184372,4.146003007687369,3.355608221744313,3.362294376770772,2.8604008219608654,0.55229854253371,5.641138730012302,5.725769805747107,6.7492904717806805,6.7623134980902115,8.5904032264667,12.060726438586874,7.283652124197392,7.157536901928823,8.039399720408648,8.36604635660108,3.4272794776728124,11.656856341192158,2.278183851090204,14.601180726658683,2.327958053335739,17.34971132605227,17.442331769751636,5.480830198100905,5.56752693814936,5.6159180169840175,3.102205610679168,15.450826616694936,15.273454430004815,12.201474313457876,11.688407915059523,6.614924238497871,5.6602130387520075,7.75913904488533,7.746599291328423,7.555925435362338,43.41852510935381,54.795887904789886,3.6986401959218025,0.0,,14.792108779933654,17.91189005551774,17.990298932753205,4.913425430581266,10.27888370176435,11.634066634644947,10.979971416903535,7.383543271737545,7.844754855893939,7.191968653219852,0.5551459364265342,4.765725061867414,8.897229657620224,7.277179807301241,14.088308683297054,2.999190984820717,26.24142553844696,16.75746530850882,5.499509811725576,1.117558040486575,4.798447234813116,7.666074059922591
6120524850,3.6496641446414584,6.335125395243055,6.713890809504734,6.907293471513131,5.974240379216167,5.669604837789507,3.25479667124812,2.478151777906523,2.48287503618327,2.0722923565209497,0.2009949556577194,4.504933332422154,4.568760105671636,5.493248566615969,5.503322598452217,6.921546315374847,9.941548488618377,5.870327621550783,5.816448784822727,6.800730455621051,7.071931415380442,4.357335648643902,9.67804567914121,3.4810289295594763,12.23010041247761,3.550574905451427,14.187936052699438,14.254794883904408,3.3719375292579667,3.2981176660474265,3.3224152597464522,4.763582451249813,12.921827435921394,13.024765825565238,9.359168354879113,12.58645027485883,5.185748248577244,4.366573712109009,9.644962960963507,9.666936161557807,9.839954077669775,35.168740868080114,41.19824223890927,9.492537359437032,14.26587116095734,14.792108779933654,,16.70830998022969,16.855183545712336,2.813494074817948,14.905286627584864,14.113723339841428,13.095535596385197,6.366695367217066,6.771765723054221,6.027516738611308,0.17863665886062105,3.3870676675644678,7.669631777127017,6.2000491090354615,11.496400530697017,0.5991810509071595,44.41295593267814,26.727587755330465,3.469050700209869,1.1294063427815657,7.354567395465262,10.12258050914374
6120526470,0.9550902004692898,3.338261740022033,3.7974161341276806,3.8765819513779354,2.9064975046898414,2.606484468257727,0.4077151253515926,0.3559625398257435,0.3565388462416723,0.54484123804614,2.7377167993060665,1.0685440045338037,1.0816647215767359,1.7997326650735523,1.8019061466859592,2.3737600560996084,4.640800160459376,1.7703611238002313,1.8760621431484859,3.279564468853262,3.442833004363975,7.618346075799535,4.760695642026875,7.820918781533002,6.784744459928113,7.978907256389499,7.200862128774775,7.221724358204982,2.5131429490896577,3.1015427384105414,3.1121780354705257,11.315305643041553,7.02598452155937,7.8914491977949615,1.7336431073493606,19.673892599127804,0.05739908234730747,0.5912766076308389,18.346955728427783,18.60601757078243,22.201370380820208,32.539908328066694,31.70590563867681,14.796556726817702,17.960816488251808,17.91189005551774,16.70830998022969,,0.0,21.403270109862543,21.823260897191407,26.84447021947423,22.597246733820622,3.4040838964422178,3.6557040904301186,2.554703963266241,2.6464491137914368,0.6825634238853739,4.319120860125739,3.0108659800727096,5.467739289751701,7.488762509934355,44.798149954093034,34.19189633805987,17.22805064103256,17.194724746184146,21.786461661222233,23.747581217783402
6120526600,0.9533110533589785,3.3334620481853374,3.7906005443664563,3.870000306557948,2.9030829574121215,2.6041858419113213,0.40743695046547257,0.3557474203026625,0.35632378498837985,0.5448182164615553,2.7368108157184494,1.0675133955308895,1.0806176604256925,1.7978239680914396,1.8000093230495802,2.369729207720416,4.630708185453788,1.7635138304785136,1.8685910791995635,3.266448351009396,3.4288450181120735,7.611676920526388,4.741763384762696,7.803888368619601,6.7574810189695,7.960835535989739,7.1807070229391705,7.201614331859517,2.505455461064309,3.089851068705123,3.100566309442012,11.267172636937092,6.97191117002328,7.832489162957602,1.7202615923318472,19.576586042760326,0.05698802347371223,0.5873856814023857,18.254135698138054,18.507772538297363,22.011600616373293,32.483505835134764,31.720119612896593,14.84408467190806,18.035683670737882,17.990298932753205,16.855183545712336,0.0,,21.49253017425748,22.054366972070863,26.929326089290864,22.667111587296503,3.3989126833215915,3.650800243030813,2.5525482381472613,2.6460418544017053,0.6817545010760899,4.30193418225592,2.999001086175598,5.4454679688658105,7.442838719849108,45.5661327802428,34.72246700671353,17.54077089461702,17.383176395459945,21.942835351082845,23.851283634479174
6120528990,2.6513659011725057,4.8421216369469455,5.308112861137926,5.393504536599541,4.4361847252983475,4.127053477679281,2.0956162369602667,1.4271506112410433,1.4292664799848878,1.1288701153276715,0.758917554873222,2.953225904239113,2.9860223680719455,3.69273740653028,3.69661803038633,4.582274217660191,6.8127941160301635,4.428391447711168,4.520146054871896,5.751576727283312,5.947077164426098,4.065211755796818,7.3364737815692935,3.609997817024531,9.210127535308171,3.6735099701474385,9.454401050839737,9.475790061774754,1.3274236484644668,1.181854449027092,1.1845364924421653,4.855615065768593,10.927136113042023,11.652312171024626,6.570943858681991,9.98656462770639,4.553100305586039,3.7505289602353664,7.725618225621402,7.812183332668193,9.177091281430622,17.175874628890853,17.61428759000629,4.719027371189102,4.91581140438775,4.913425430581266,2.813494074817948,21.403270109862543,21.49253017425748,,14.218194435993388,28.499059520573997,22.52995473756706,4.905554186333989,5.148834917348828,4.231297505846371,0.725744328602135,1.7853983362614805,6.703334774477307,5.446345929045088,8.189994599655066,1.1838376391260477,25.029385318864414,20.239710274175852,1.5352487271027102,9.370631652843086,19.90289813516815,24.19256778301354
6120531120,5.786346290209907,8.092454509298095,8.325001193661453,8.534800933275625,7.889515382557063,7.711197889463243,5.768489819786688,5.201302453837852,5.209892491339873,4.85688206486282,3.039387053397086,7.0698592238998925,7.150099731327321,7.928771052397043,7.942723092275602,9.25562052488899,11.527548693861716,8.28849323409175,8.21497553753692,8.876446391494056,9.117641526366992,1.4262350120997112,11.236407977942445,2.666291649062864,13.069395692157391,2.698285593242297,14.5396946786124,14.588178030687164,7.484412009028758,7.62505333723386,7.661852890137369,3.435437101491357,14.070506856785435,14.181213434462823,11.830865280841854,0.6477518402977878,8.845140486733689,8.086111197503936,3.440905440972116,3.4460689180084563,3.295949034658907,3.9093189000388215,5.5854175193891145,8.807679997379575,10.190854466621095,10.27888370176435,14.905286627584864,21.823260897191407,22.054366972070863,14.218194435993388,,7.997159481006824,8.44589277979535,8.0908590963012,8.506686773192607,8.243703832811859,3.020519876771076,6.693573508307354,9.525033122248248,8.35396252442859,12.633177235102247,6.670465254799931,7.10561620349565,2.6292306920171713,18.183709616111383,13.547371551731413,3.6996708118645,1.720233942711909
6120535820,7.394013259039133,9.15360694299536,9.610237175967798,9.715359297473702,8.823450216552454,8.516662894721776,6.842517923874593,6.376212748636925,6.384144923103216,5.894908820165476,4.598220076823627,8.098108499233685,8.170564912027421,8.850853249679627,8.85884339570842,10.290640739839862,12.390799290966715,10.962823740773192,11.069040877741415,11.9810643946652,12.196116791180112,4.075816544608845,13.458785966030478,5.463194935465244,14.963076045919653,5.531238236623529,15.072252615768772,15.09639975150822,9.602115548090607,10.027967260880114,10.042384945658561,6.9538785942061745,18.18220955367292,18.692752875386226,15.441009295553794,5.248215540536929,14.810570705502235,14.06541170866983,7.627429184791942,7.674841583160192,8.120774391510686,2.7552826351333803,1.807160549481534,10.235903740695168,11.619497982807836,11.634066634644947,14.113723339841428,26.84447021947423,26.929326089290864,28.499059520573997,7.997159481006824,,5.559898549757209,9.205956550330447,9.446256465362005,8.967694470410114,4.527187205958368,8.017964205399078,12.71199119404641,11.757274112256104,14.457906014539326,10.140924941273113,5.260449545822773,7.461613457687745,30.10622964559572,33.456355429097975,32.25601825902356,39.91993285561218
6120538300,7.282594339933925,8.949946260795572,9.360171425597956,9.461537676148694,8.653890930966666,8.383485704370054,6.815246984076251,6.379492868041869,6.387090227235323,5.9548435738089305,4.712107505977226,7.979234809333971,8.046498112865315,8.676237875908049,8.684089799984612,9.961383776778503,11.851101397892556,10.472766424759469,10.569162110323493,11.414072929510924,11.600520143838816,4.2501653934972,12.706538587924546,5.509619996240101,14.048284521283948,5.571048807644334,14.205318172519332,14.227122188063602,9.237049983848815,9.58802272246393,9.60186496462275,6.828053221591385,16.56904781763034,17.034498050116543,14.172952257713636,5.325929171575004,13.641060806381347,13.042759430776524,7.4124291914953435,7.450537447497718,7.794313790529873,3.2028990925103913,2.3760788147154224,9.834746840384359,10.96328737003213,10.979971416903535,13.095535596385197,22.597246733820622,22.667111587296503,22.52995473756706,8.44589277979535,5.559898549757209,,8.99506909396023,9.228981409781463,8.804804064890396,4.650925223734464,7.8859686185504465,12.087844820836528,11.235067791369062,13.571066028119034,9.599869704195337,5.627895089568416,7.608270168654307,24.05456068171807,25.521713538840313,22.930888893581393,20.31532579879583
6121157490,15.73861547813678,2.0570374111713057,3.1198383575007966,5.800973257740552,3.637780125058956,3.0870104756110535,9.311478291829086,10.734296338231786,10.719349054421759,7.006215672295588,13.759267647402574,8.88121266461917,8.698210186141255,6.765841263977282,6.704849978904048,5.263766579627644,1.441719617058243,4.541571373366602,4.109267137318239,2.059577311612991,2.008910318681743,17.703736870283098,1.640810403647345,15.443095956761207,0.0836402951032847,15.175139567490064,0.26747288282690945,0.26659751661683717,8.569541824428924,8.14401154455304,8.126179712427984,11.568051110238194,1.408720703921558,0.7708064701431696,3.9242585717063228,12.520020360917773,3.9529979076651003,4.108281067857215,10.30640918760535,10.268403458574443,9.913370862782134,13.284703707492751,13.752544117588489,7.851397079017896,7.398845226450359,7.383543271737545,6.366695367217066,3.4040838964422178,3.3989126833215915,4.905554186333989,8.0908590963012,9.205956550330447,8.99506909396023,,2.3231719232653094,3.6881840786541367,11.937049011618965,10.553500232238019,0.8164822273109242,1.8889860989287417,1.5247071088652278,8.338051539128715,9.923030575944912,8.926474728522173,4.72629000042505,5.368916632222115,6.80278571593975,7.740895324638432
6121158040,11.190723039177131,5.4121136152068825,0.7973686118076694,1.2351588618077725,11.77544573901776,5.744828968353787,13.290619729256242,14.760763170153272,14.735327825032542,8.581914276249503,17.422480272679834,13.09747424789046,12.652663778556764,9.833975078577756,9.721453366691236,6.475633978356183,2.038830832360591,4.654402016358921,4.207056378171878,2.228229475915947,2.1911678689729843,20.39983007125029,1.9686112720844016,16.7337309584228,0.2816376570287402,16.388906840325983,0.11294978444045221,0.11264516725544739,9.207100504312242,8.656288491953182,8.645735713468312,12.139961637301084,1.6534713494933342,1.0113977101613014,4.191646735376678,13.090583526644426,4.094353896086341,4.228590030698453,10.820795507815001,10.774158087442432,10.328434190300555,13.958082440599105,14.516485497326762,8.37971070863808,7.860035055411997,7.844754855893939,6.771765723054221,3.6557040904301186,3.650800243030813,5.148834917348828,8.506686773192607,9.446256465362005,9.228981409781463,2.3231719232653094,,5.9997064206045385,14.679394131773707,12.89235588211913,1.0514381374916553,2.0334072246199795,1.8803568898276173,8.712201836222627,10.39346598495712,9.363964185353932,4.981081272968973,5.621885751532163,7.060741385496342,7.9848326666345235
6121159720,3.163884872593359,3.8671530810440258,3.6741721540479055,4.34314575654307,3.392721669881018,2.8163100094110844,17.651241190879404,26.30173350158954,26.542260042968678,9.57407333238004,29.303175748333537,29.97516634825565,25.397837007346194,9.591104512026115,9.603734816474823,2.761576659303154,1.4871690641950133,2.05678900030189,1.7902279881299656,0.2417433795407637,0.17667174153220422,25.53251430343106,0.4325276720824052,16.1666560693224,2.06807149713166,15.720409507886135,2.699310399424718,2.697864965574692,7.373415343709375,6.876047830190901,6.887615928260764,10.987536108576128,0.03062748561770853,0.6354149061254605,2.536013794586606,12.337365158155295,2.6122813574433854,2.7652670540418156,10.020540824763998,9.96042825027732,9.390765622923544,13.864626465382486,14.74598661128211,7.8520397566952616,7.203170221642642,7.191968653219852,6.027516738611308,2.554703963266241,2.5525482381472613,4.231297505846371,8.243703832811859,8.967694470410114,8.804804064890396,3.6881840786541367,5.9997064206045385,,21.04658649752452,13.667224125465761,0.7368814796379167,0.282798551139422,0.45740027978772924,7.239960634072479,10.169088872922575,9.072751178939246,4.1123937582313115,4.8592703200879415,6.441570999639276,7.411362565593074
6121159770,5.529975532014916,12.64759515427025,10.496211676927151,11.571240384722799,15.03366206433486,19.829807387146214,15.961442634919306,14.510028796539178,14.563580683245974,31.449431733816855,0.22946059412947234,13.139205838689,13.009196784210918,13.708569269809827,13.776877022454265,9.47450228380772,10.372223014675226,4.58914625862831,4.441879236911138,5.07646550136639,5.229429655816612,5.311427671442505,6.956169014896641,2.48769450143242,8.324549555202406,2.440566976338163,10.07991598724759,10.089473232823112,2.385275902610878,2.0110827570460903,2.016841176167419,1.8077363794747232,5.486237760414641,5.804446685544376,3.689646203258927,3.668660077820338,2.473071052601935,2.1881930110430443,2.1407606616964983,2.1286113772165356,2.0778364827717457,5.679326031092853,6.462303603000313,0.8161588481019708,0.5554915452375656,0.5551459364265342,0.17863665886062105,2.6464491137914368,2.6460418544017053,0.725744328602135,3.020519876771076,4.527187205958368,4.650925223734464,11.937049011618965,14.679394131773707,21.04658649752452,,5.88175772887225,5.683159617277474,4.543061764010211,7.280600487049707,0.42418322817438253,4.21255636272389,3.407055683179248,0.8096366395101934,0.11838761068967718,1.8236774048636177,2.894307245629351
6121162000,3.1289462303067315,10.904361815618058,10.092622013404194,11.363487060356345,11.011242494001113,10.190766534597211,2.865345465396367,0.4308345988770662,0.43289937969753334,0.234187719457812,6.863760769436589,8.600586618320271,9.191585987318645,15.576694670094591,15.726454399529985,23.904682020326575,21.183089569608633,3.4190517218913308,3.2672481317065007,4.452284673983653,4.694838094904556,44.44293436913955,7.98691890455051,18.632149712294584,10.882659096281314,17.606932864954263,16.235056777090463,16.242965746557292,2.5173736323672125,2.5153333519508516,2.52537612923798,9.47752651853143,5.152596691271903,5.713935059710611,1.9809926472373467,11.706230523161105,0.647376872721213,0.3091896883456782,8.41948594122265,8.34748850491714,7.7047266179786105,13.875949550773342,15.03069756425171,5.460699190922922,4.777173406085265,4.765725061867414,3.3870676675644678,0.6825634238853739,0.6817545010760899,1.7853983362614805,6.693573508307354,8.017964205399078,7.8859686185504465,10.553500232238019,12.89235588211913,13.667224125465761,5.88175772887225,,5.4405978340132375,3.7248001696133533,8.787448376801485,4.224842521412455,9.023039955815683,7.663868632782078,1.6547404652949766,2.7416360043130403,4.814597004339568,6.077483223945567
6121163070,3.6306312200519644,0.6792101814489949,1.5622679683907885,1.5258101475814594,0.0028678298066393947,0.31023160755749224,2.8963342780595327,3.769635229452399,3.772714420109423,3.3023687680095186,6.076069191103463,2.7379762717587406,2.758009680347166,2.0415840443448445,2.03794599749227,2.377101242272196,0.11469815515730167,11.137853028202356,14.85729009354315,26.283298370841766,13.899183068476132,11.966273247559238,1.2549224162713921,14.209989164603979,1.8947644426753003,14.37814314794132,1.463254372946738,1.4559693576646366,9.325008522926046,10.13050209134234,10.029818856096286,15.487792695770032,1.598185401980889,0.2251504092811674,6.206269233439894,17.20649549426737,8.733792793366346,9.433994350576334,13.889201356476672,13.929871129506921,14.494790687638751,16.868446522133198,16.57682633912801,9.061957566354986,8.930794203408585,8.897229657620224,7.669631777127017,4.319120860125739,4.30193418225592,6.703334774477307,9.525033122248248,12.71199119404641,12.087844820836528,0.8164822273109242,1.0514381374916553,0.7368814796379167,5.683159617277474,5.4405978340132375,,10.99401310772021,0.9380374969745823,12.687910219894027,12.371140129968463,10.95073402776951,6.161954217859946,7.033860179752242,9.064024451178598,10.583410956401568
6121163350,1.9326052358744632,1.7283157802668514,2.718658466608566,2.6294312746531863,1.0126015366019006,0.6258728702724515,1.815221072237296,2.6275282229956582,2.629454173475767,2.3835777962232205,4.838080380309499,1.4779737811241656,1.4876092232041915,0.7895093521965303,0.7882172078447741,0.781276677941075,1.3722960075549901,4.321629110737554,4.951592856886385,0.5788500002585742,0.9046529703743971,9.681758042650445,1.4599294856515512,11.059580570621714,3.750936995531326,11.183216448941874,2.8274325644345653,2.815646402744403,6.521327033212154,7.147816516338521,7.086496455922394,12.175772669690193,0.6966735181836823,2.1266644188980486,3.7186031063763925,14.146479711992406,6.347927886591905,7.2439734308173875,11.365756650157037,11.405166644321985,11.975771287846577,14.418773581865324,14.254576550514894,7.410326754100907,7.302894394236783,7.277179807301241,6.2000491090354615,3.0108659800727096,2.999001086175598,5.446345929045088,8.35396252442859,11.757274112256104,11.235067791369062,1.8889860989287417,2.0334072246199795,0.282798551139422,4.543061764010211,3.7248001696133533,10.99401310772021,,1.2039088144042276,9.626987989186553,10.876469129838185,9.589634904889605,4.977774672194152,5.921125478435291,8.000305431035658,9.564046061100955
6121164310,3.0378228255833144,1.3821756457501098,2.26065475570793,2.3415220769045964,0.5572869242822592,0.10617415139607855,3.353296439992863,4.6017066937937505,4.610435877438113,3.9957884850219565,7.857129320963454,3.3521898542213364,3.412250256869928,2.3863416442011824,2.3856663914076326,3.403019108622854,1.3248331017339525,7.688587777421948,6.1444663151675165,1.3678032034456022,1.2972881527158124,21.82885389382956,0.07829971454385329,38.69200075117245,18.296523956217452,40.72743825749487,8.26226308291786,8.143687784847595,36.63541252909156,46.72684987580273,44.535368200997844,48.525582629163054,1.05024417406279,1.0431870447614024,10.776712134722834,39.64029133961349,7.1345143201750165,7.090942430353842,27.94810917384717,27.840544278020527,26.295672556504137,31.127451733024717,29.889622484233954,14.870727521677809,14.171654269772883,14.088308683297054,11.496400530697017,5.467739289751701,5.4454679688658105,8.189994599655066,12.633177235102247,14.457906014539326,13.571066028119034,1.5247071088652278,1.8803568898276173,0.45740027978772924,7.280600487049707,8.787448376801485,0.9380374969745823,1.2039088144042276,,31.87617772210892,17.48130322039404,15.081704232027768,7.615301592836489,8.52022882339422,10.790679350994445,12.266658331493955
6121166340,4.83676487828297,8.21628724101922,9.098770836389715,9.307336906484238,7.473229642781796,6.777549073709572,3.673552081091268,2.7066286125644026,2.711746575241189,2.0446232129440216,0.4682415882034043,5.459948935047472,5.54946209233726,6.85596569193717,6.860961794834645,10.010347903983867,16.37887540178505,10.98728315000847,10.551190397041442,11.477605388187259,12.24578637110092,6.131067441785888,21.672074849728006,6.943573274723199,30.111322322399705,7.271766666459702,29.37089971553854,29.436133513701787,6.860111156670302,8.773372396750016,8.745829963957226,21.98505091615778,35.96622331395828,30.64094121686212,39.72550037582161,40.70524087079052,7.866039541006644,6.2303567197738925,18.187867821570048,18.353738158097823,18.511234060660016,26.066580354336846,23.63068470625458,3.6287024707124966,3.027385735804744,2.999190984820717,0.5991810509071595,7.488762509934355,7.442838719849108,1.1838376391260477,6.670465254799931,10.140924941273113,9.599869704195337,8.338051539128715,8.712201836222627,7.239960634072479,0.42418322817438253,4.224842521412455,12.687910219894027,9.626987989186553,31.87617772210892,,11.379573420370072,8.718833285900272,1.3148474074297325,0.9980319567609307,4.750790098099302,6.992063780166686
6121170610,7.369444840808497,9.919392846128105,10.230531062273466,10.486860254114095,9.668302502265444,9.39884606696623,7.24148091129788,6.64655559849185,6.658221529476079,6.090940585612395,4.28001184003491,8.973323011188565,9.08694248803966,10.03428353330782,10.051482765922875,12.103212296764777,15.149129764155237,11.219127679151041,11.06966358843157,11.671174454916644,12.025080923833633,3.191875691537366,15.187185791568039,4.990815025626234,17.673571870324743,5.071931481292583,19.73612444563168,19.811362957227796,11.21694351872074,11.72073286146873,11.786238660077618,6.880971003202738,20.37165438542961,20.10317300981791,18.104037081165668,3.7764946188184365,12.694381809417187,11.499653241288089,8.33942568825744,8.369823315452024,8.292813451777702,1.8781576618979494,4.185659403389054,19.79436803720353,25.902809393938355,26.24142553844696,44.41295593267814,44.798149954093034,45.5661327802428,25.029385318864414,7.10561620349565,5.260449545822773,5.627895089568416,9.923030575944912,10.39346598495712,10.169088872922575,4.21255636272389,9.023039955815683,12.371140129968463,10.876469129838185,17.48130322039404,11.379573420370072,,17.97512306454655,31.883190471600837,20.536063294456238,7.582763871071217,1.3527957455049693
6121171030,6.471233773248066,8.920621695267172,9.214648879171332,9.44365482750465,8.674575584781914,8.433505963791593,6.3468419649999905,5.750811323263683,5.760679693055303,5.284309338232501,3.4503844691401526,7.868260100485961,7.964338531242498,8.839799851758594,8.854932807645936,10.561909402158019,13.284309626701702,9.687400799992599,9.582795999614664,10.251668706403917,10.553449121849097,1.9579002392291829,13.21625356665656,3.4696738496444053,15.428070890367547,3.5213252992481436,17.17166617452573,17.233789633787385,9.137416164023742,9.455128069411327,9.504775282413473,4.701778040778806,17.375113554111046,17.318317379876873,14.965924302447336,1.4903279088148134,10.735548538920526,9.735601015267628,5.189175604467161,5.205076326953875,5.079803079378049,4.237127410760405,6.349263862499506,13.271328977904592,16.57202791139491,16.75746530850882,26.727587755330465,34.19189633805987,34.72246700671353,20.239710274175852,2.6292306920171713,7.461613457687745,7.608270168654307,8.926474728522173,9.363964185353932,9.072751178939246,3.407055683179248,7.663868632782078,10.95073402776951,9.589634904889605,15.081704232027768,8.718833285900272,17.97512306454655,,26.792366434715888,17.64289561160282,5.050477255042248,0.9543932209431885
6121171380,2.500008149854809,4.671353846486271,5.092979165179173,5.186038593234002,4.293918049631753,4.01115012573086,2.0045142294741347,1.339880304245039,1.341907797825057,1.0583231068513483,0.8425594968370252,2.8346368867467113,2.8662214795289533,3.5591501409661266,3.563412201953772,4.38130221815926,6.514512426668793,4.05473916289337,4.128127076252923,5.2724413626672275,5.451821174382944,4.167933089295974,6.803132562028193,3.6686979549057983,8.579950757080256,3.7291648124764802,9.002686303001317,9.025570843764768,1.1240345146371828,0.9603170432720348,0.9631586911458986,4.824946095536764,9.62152782500858,10.252493678116497,5.746397694675323,9.724495458084364,3.8258642179786393,3.1448316852093035,7.623862956476087,7.692335728184902,8.74529964040997,17.269110251342937,18.119440763414143,5.227568316491773,5.48968851622118,5.499509811725576,3.469050700209869,17.22805064103256,17.54077089461702,1.5352487271027102,18.183709616111383,30.10622964559572,24.05456068171807,4.72629000042505,4.981081272968973,4.1123937582313115,0.8096366395101934,1.6547404652949766,6.161954217859946,4.977774672194152,7.615301592836489,1.3148474074297325,31.883190471600837,26.792366434715888,,17.06824553200454,25.432386111046398,26.678455451069688
6121172160,3.2560279644592334,5.318605971568632,5.723464578561067,5.820288108113376,4.966882648492491,4.694868521448365,2.790912176602518,2.1764032089407754,2.1795564083787378,1.8671185708891103,0.10715503731195468,3.6808528662367395,3.7196101187028225,4.393199774114424,4.3983104407035105,5.296225851063504,7.343127611510269,5.0927053810019105,5.159744576439705,6.206767251159854,6.387484562482456,2.549935631320322,7.7005162226187585,1.8413231112468458,9.354964073478222,1.8687928432529601,9.751073016670178,9.773795245193737,2.656950482187033,2.6242496065797885,2.6312148808611395,2.2801552221446726,10.643629274066544,11.209777700445732,7.249396018626894,6.095296306893986,5.518567236745287,4.828854232099246,3.9260235270637023,3.955510487497253,4.503026474583163,11.808856320490655,12.792535896247406,1.4970175460449886,1.1149800468653603,1.117558040486575,1.1294063427815657,17.194724746184146,17.383176395459945,9.370631652843086,13.547371551731413,33.456355429097975,25.521713538840313,5.368916632222115,5.621885751532163,4.8592703200879415,0.11838761068967718,2.7416360043130403,7.033860179752242,5.921125478435291,8.52022882339422,0.9980319567609307,20.536063294456238,17.64289561160282,17.06824553200454,,33.15691980218184,30.20762130489085
6121172900,4.7989350633384635,6.756220545142675,7.161470757115316,7.268906635686647,6.426743818716134,6.152143232142989,4.346641160679719,3.7948205761150633,3.800045558569288,3.4237518693144207,1.8449976084021051,5.387354843203218,5.440783972428438,6.1166483001823595,6.123354268664483,7.235469911285768,9.294085458899353,7.283483368994193,7.347313663655902,8.295117360484879,8.494068266099154,0.10097380302676218,9.862018257023928,1.1045499878481115,11.459668406623933,1.1196836021617824,11.818446762116128,11.84311113519918,5.437853073036005,5.600762434145296,5.6134890067369465,1.5477872042025451,13.463859047799206,13.951640280804279,10.468741393328777,1.2458147100786545,8.917525374062823,8.169902137375063,1.0808117530622254,1.0880121039418038,1.00547411379239,5.318019213962159,6.314000164119915,3.8088324916009815,4.788100638858208,4.798447234813116,7.354567395465262,21.786461661222233,21.942835351082845,19.90289813516815,3.6996708118645,32.25601825902356,22.930888893581393,6.80278571593975,7.060741385496342,6.441570999639276,1.8236774048636177,4.814597004339568,9.064024451178598,8.000305431035658,10.790679350994445,4.750790098099302,7.582763871071217,5.050477255042248,25.432386111046398,33.15691980218184,,23.73463092783032
6121173250,5.82852347286553,7.68974539300791,8.125024983394875,8.227237491736622,7.354345829918071,7.061661007671727,5.317858607548928,4.803671044652978,4.809941010381993,4.383892333200437,2.937114224899858,6.441787060450202,6.502492472143524,7.176501204779398,7.18349361854366,8.428220596805922,10.498436723500516,8.787734574062487,8.875187865272812,9.822241305682521,10.027859147904024,1.7278201614544282,11.324320080432862,2.890715297384591,12.874896651292511,2.9289583540611974,13.074879093565423,13.09834762291688,7.120825090357653,7.4023837503871395,7.415244217066272,3.7980650195698504,15.485796405818336,16.006995638682852,12.555839474058093,1.515344087807549,11.461764192388962,10.698805613875331,3.863365526695882,3.8891976631857816,4.051866447360399,1.7459823581698566,2.689733910260258,6.494066357922302,7.654920994728594,7.666074059922591,10.12258050914374,23.747581217783402,23.851283634479174,24.19256778301354,1.720233942711909,39.91993285561218,20.31532579879583,7.740895324638432,7.9848326666345235,7.411362565593074,2.894307245629351,6.077483223945567,10.583410956401568,9.564046061100955,12.266658331493955,6.992063780166686,1.3527957455049693,0.9543932209431885,26.678455451069688,30.20762130489085,23.73463092783032,
